,ticker,company,sector,price_to_book_ratio,price_to_sales_ratio,price_earnings_ratio,price_earnings_to_growth_ratio,dividend_yield,enterprise_value_multiple
0,TSLA,Tesla,Consumer Discretionary,17.13861740707162,4.614833184148425,-131.58163573085847,23.860428509597924,,48.09431148262208
1,MMM,3M Company,Industrials,9.318122826194971,2.917857542942494,20.518221006564552,2.2133134269560193,0.0353637749741997,14.359890562636796
2,ABT,Abbott Laboratories,Health Care,5.0706021616057635,4.940912738214644,42.75423921887713,31.92123941679678,0.014400366213365977,22.755483699973496
3,ABBV,AbbVie Inc.,Health Care,-14.820873715124817,3.6408398965911144,15.366173560010148,4.00163584356867,0.05256110290136297,9.830542965375157
4,ABMD,ABIOMED Inc,Health Care,16.68469367801983,20.315924812069166,60.350413333539244,24.16330046556638,-0,64.17946953992312
5,ACN,Accenture plc,Information Technology,8.518155749774724,2.840174416787749,25.682213420348802,4.036489562291552,0.015189675176188862,16.204038512662283
6,ATVI,Activision Blizzard,Communication Services,3.647218274111675,7.19719987671444,31.072940785096474,13.145584987407057,0.006059615914564126,20.177606481481483
7,ADBE,Adobe Inc.,Information Technology,15.276147396690744,14.3994202186192,54.50194442543313,10.230072193324583,,40.53851659887285
8,AMD,Advanced Micro Devices Inc,Information Technology,19.010491687301027,7.98435002228495,157.60310850439885,510.2225263451013,,57.41312295973885
9,AAP,Advance Auto Parts,Consumer Discretionary,3.689085784016224,1.3672751868002622,30.90561867843821,4.791977905435047,0.0013603064973374485,15.83277733397115
10,AES,AES Corp,Utilities,4.472469959946595,1.3150966728825204,44.22283828382838,24.408948146684992,0.027015893106618744,6.046197458455523
11,AFL,AFLAC Inc,Financials,1.5111635478646321,1.629511865061127,12.142095602739726,2.0296288164034015,0.022366430915308846,8.855442775510204
12,A,Agilent Technologies Inc,Health Care,5.049918267013356,4.6933204569495315,72.98410356155063,34.01331817326985,0.00828167162780993,18.371223984930946
13,APD,Air Products & Chemicals Inc,Materials,4.319463251791271,5.35330803125946,27.12819261363636,3.990079338218781,0.0208186640118751,15.01134698810114
14,AKAM,Akamai Technologies Inc,Information Technology,4.208253528334661,5.319852164263619,32.201856893323715,17.56001825796948,,15.28951562075969
15,ALK,Alaska Air Group Inc,Industrials,1.8789302216578159,0.926733491629655,10.582115461638493,2.985246251705565,0.021259217125593626,6.359116278600269
16,ALB,Albemarle Corp,Materials,2.1765046016911436,2.3843806323404824,16.050470380400128,2.451880706170484,0.01778383233716383,12.500704541914741
17,ARE,Alexandria Real Estate Equities,Real Estate,1.766415258040593,9.769762380608364,34.19074271312271,9.285201646345937,0.029349464363330937,20.44734962629019
18,ALXN,Alexion Pharmaceuticals,Health Care,1.9861033730193935,4.48537596922522,9.311217402154472,26.78174902269173,,8.891222168829088
19,ALGN,Align Technology,Health Care,15.51051566333796,8.675340726841826,47.15652013659277,9.357900871559819,,32.780966430296566
20,ALLE,Allegion,Industrials,16.147050435701082,4.285135248773651,30.437471378795422,6.550810119694761,0.008225825231794924,20.524881962660082
21,ADS,Alliance Data Systems,Information Technology,3.374047723981616,0.9601705695805637,19.27697841726619,1.0007776148513232,0.023773091994775144,1.1242422348603212
22,LNT,Alliant Energy Corp,Utilities,2.722650861654915,3.8850974586725884,24.976506873457875,11.405125194944864,0.023829231135074413,15.127942597962674
23,ALL,Allstate Corp,Financials,1.5133708746826677,0.8806853049804141,8.117312977099235,1.1829938361829349,0.016596934126895533,8.306810338551147
24,GOOGL,Alphabet Inc Class A,Communication Services,2.502658257711897,3.1147277210747757,14.679570356404508,0.1655687993474649,,10.661446682387203
25,GOOG,Alphabet Inc Class C,Communication Services,2.5053945318255377,3.1181331995526915,14.695620221879276,0.16574982351178497,,10.673426177518909
26,MO,Altria Group Inc,Consumer Staples,14.418514946962391,3.572759856630824,-69.38283062645012,-18.623655097060933,0.0676498127340824,10.958775587566338
27,AMZN,Amazon.com Inc.,Consumer Discretionary,14.890685143409604,3.294272534774456,79.74766309975837,3.910984371218171,,25.08774896779521
28,AMCR,Amcor plc,Materials,2.232658762702799,1.3240344885919095,29.109676894467686,59.732530665056,0.05427620559734051,13.86070205066345
29,AEE,Ameren Corp,Utilities,2.4959225710385904,3.403492385786802,47.21746478873239,24.260689021156224,0.02346549577819936,12.444292353189692
30,AAL,American Airlines Group,Industrials,-104.15273186440679,0.26852871788148924,7.289455729537367,2.2888632865544443,0.014483293421770472,6.748100011146201
31,AEP,American Electric Power,Utilities,2.0279781235416534,2.382680521743426,20.05883092109367,5.168086575138327,0.033688200583197866,11.757422764534386
32,AXP,American Express Co,Financials,4.781160764596247,2.5325135457801453,16.31989347536618,1.9524449931517407,0.01289139246620497,11.696387646875325
33,AIG,American International Group,Financials,0.6882977783868277,0.8186108820118593,-6465.525181276666,954.7441851531698,0.02933507508654008,12.954111245356826
34,AMT,American Tower Corp.,Real Estate,20.578674051509278,13.724183581124757,55.10828943744041,19.71485237437658,0.015408508769635015,28.176292385425246
35,AWK,American Water Works Company Inc,Utilities,4.044334259107989,6.8574432132964,39.863719806763285,12.72545552914313,0.014259532376207666,19.042448630136985
36,AMP,Ameriprise Financial,Financials,3.991166172106825,1.7450500648706404,12.078917591125197,0.7720604618540939,0.022042045989941743,10.531424844720497
37,ABC,AmerisourceBergen Corp,Health Care,6.267171040359969,0.10046635981920085,21.093527616865313,2.67312341171095,0.01878735737227071,11.706818386576655
38,AME,AMETEK Inc.,Industrials,4.422507447963949,4.385587184555681,26.2665508761786,7.690178152884068,0.0056356054030870855,17.71193340475067
39,AMGN,Amgen Inc.,Health Care,14.144603535614598,5.856551237051622,17.44717546544249,1.2575102640687046,0.02564669467167809,13.525820707070707
40,APH,Amphenol Corp,Information Technology,6.689694942939762,3.6844803900114282,26.239242424242427,6.478153212624168,0.009222497283982799,17.098236938849478
41,ADI,"Analog Devices, Inc.",Information Technology,3.4951847822410915,6.831135317343411,30.026005446764554,7.41163053123147,0.018997343031668584,18.148708323221943
42,ANSS,ANSYS,Information Technology,6.8351363287956515,15.571238755795267,52.303518230868946,10.508595273000982,,39.10802464584228
43,ANTM,Anthem,Health Care,2.1411653744326777,0.6518850335370827,14.132493239026418,0.9628938726856666,0.012040940079468734,11.573882410789547
44,AON,Aon plc,Financials,15.527027555555556,4.758350858076819,34.20608224543081,7.197152754638264,0.007823872344324882,21.57069813391877
45,AOS,A.O. Smith Corp,Industrials,4.312947961033117,2.4021190434891575,19.42924773364865,7.236779842031562,0.020754444473158072,12.897568425599566
46,APA,Apache Corporation,Energy,3.263858678955453,1.6571299329277802,-2.9901097663945957,-28.181784548269064,0.035392032651032676,-57.75262195121951
47,AIV,Apartment Investment & Management,Real Estate,4.410844619012506,8.590416277477486,16.567069605955076,3.6733041261499038,0.030721020940573288,13.993464778445421
48,AAPL,Apple Inc.,Information Technology,12.709658271815046,4.420393881402446,20.81351450883162,1.6145093305735827,0.012276627402416805,15.734071128574604
49,AMAT,Applied Materials Inc.,Information Technology,5.638654735816899,3.170585295728368,17.1160051736881,4.8408381671433,0.016646547590234113,13.062189604093724
50,APTV,Aptiv PLC,Consumer Discretionary,5.89607247970673,1.5683708852824407,22.744546262626262,5.47425203908627,4.885175981447842E-4,13.241170985492746
51,ADM,Archer-Daniels-Midland Co,Consumer Staples,1.3412431729518854,0.3988090819104182,18.698622189992747,5.816201266831998,0.030598710898415385,12.6355676094537
52,ANET,Arista Networks,Information Technology,6.109313023934202,7.335835593390484,20.566602602495504,4.783318585866653,,19.76395725543356
53,AJG,Arthur J. Gallagher & Co.,Financials,3.6150130928135003,2.5902988186240448,27.866626794258373,8.181835175583359,0.0172289828944262,19.576980047050622
54,AIZ,Assurant,Financials,1.4410769624239315,0.8076019999593527,21.29147896808677,5.254412038583071,0.01857325975148172,9.039763681528937
55,T,AT&T Inc.,Communication Services,1.3566322164667663,1.511924688039825,19.704392577141626,7.445351020758883,0.054345649794632356,6.462494411411366
56,ATO,Atmos Energy,Utilities,2.2894896424016946,4.536790348770852,25.742904854460054,5.00289927593542,0.018664305470017795,14.533825409031385
57,ADSK,Autodesk Inc.,Information Technology,-296.66607476635517,12.603075771920718,192.38345454545455,-523.102041629163,,88.40389325962151
58,ADP,Automatic Data Processing,Information Technology,13.291912813200245,5.06342062193126,31.304518492672717,8.401693943924379,0.01801462904911181,17.00837560457709
59,AZO,AutoZone Inc,Consumer Discretionary,-16.064992884445612,2.320768759067016,17.02488659249416,0.3177808437815574,,12.573660471441523
60,AVB,"AvalonBay Communities, Inc.",Real Estate,2.758548524594594,13.04089525795117,38.57023792124167,5.503556328278682,0.027697190987631105,20.600901307146536
61,AVY,Avery Dennison Corp,Materials,8.91906976744186,1.5188696058047269,35.37075098814229,6.356746005571144,0.017665310805173133,28.99500583430572
62,BKR,Baker Hughes Co,Energy,0.5656550686305806,0.5203561540397685,96.908203125,275.8156550480769,0.03184392446137412,7.569923756019262
63,BLL,Ball Corp,Materials,8.207377483892843,2.1094261983615126,42.76246678445229,31.18664818780996,0.007519556155140542,18.771774037267082
64,BAC,Bank of America Corp,Financials,1.1872434575733544,6.430507455359882,11.46168209989063,3.8238862315352597,0.01954872285388198,12.266123947311597
65,BK,The Bank of New York Mellon Corp.,Financials,1.0283461707205361,13.381080363864491,9.605693357351948,2.1157361485033075,0.026254788914521116,12.816866608756081
66,BAX,Baxter International Inc.,Health Care,4.741185527328715,3.3210029657589653,22.754187192118227,16.946633138899767,0.010175142343746618,16.18951342281879
67,BDX,Becton Dickinson,Health Care,3.2774494023053933,3.996061934644303,56.03561301703163,48.6380112046835,0.014241898767806334,21.915253139795663
68,BRK.B,Berkshire Hathaway,Financials,,,,0,,1.7517309023771
69,BBY,Best Buy Co. Inc.,Consumer Discretionary,6.061709974130497,0.4832643338374811,13.685067488643737,2.476212006654184,0.024989699454527496,7.13601169797944
70,BIIB,Biogen Inc.,Health Care,5.219924767630909,5.05955823651406,15.362297379646558,1.2397049084674017,-0,10.539539911950413
71,BLK,BlackRock,Financials,2.5098930090222678,877.0768830590625,18.81130044094504,0.6817265224784322,0.024893294710018107,14.158055872006383
72,BA,Boeing Company,Industrials,-21.213162353487295,2.387620266722397,-287.41166666666663,-15.53561724028043,0.025329083882595155,677.7392567567567
73,BKNG,Booking Holdings Inc,Consumer Discretionary,13.594030234282824,5.353337407407407,16.578290108941417,0.17864579651661183,,14.129663041553133
74,BWA,BorgWarner,Consumer Discretionary,1.995002258324657,0.8006837433216836,9.058643541076608,4.288857225678297,0.016783539518847944,6.008504622352941
75,BXP,Boston Properties,Real Estate,3.9046000914386316,7.497370222275366,42.5598894415321,11.287684125766994,0.03001807131197243,17.934010185485683
76,BSX,Boston Scientific,Health Care,4.3528871514016,5.626922682813227,12.852130851063828,10.702417761373619,,27.260588349514563
77,BMY,Bristol-Myers Squibb,Health Care,2.1085323074537774,4.161256454388985,31.635955219540563,10.963273099454605,0.024624055744670876,17.02735759305506
78,AVGO,Broadcom Inc.,Information Technology,4.49096427569063,4.956814621409922,41.56183302411874,1.349344118084612,0.037809414481711046,14.959552558338686
79,BR,Broadridge Financial Solutions,Information Technology,13.490657206208425,3.4869368667186285,31.55095623314665,8.545818713301465,0.013884947953797836,19.103673469387758
80,BF.B,Brown-Forman Corp.,Consumer Staples,,,,0,,2.1605657237937
81,CHRW,C. H. Robinson Worldwide,Industrials,5.954529576891538,0.6946101305691581,17.24257012520625,3.553707182786619,0.02792264959856102,12.057035909818346
82,COG,Cabot Oil & Gas,Energy,2.763672446080316,2.8776419328095897,8.730387977740907,6.512241299474251,0.024472732814599187,5.10149433629524
83,CDNS,Cadence Design Systems,Information Technology,9.435861332050024,8.493110820911014,20.06373864359102,15.85471527382147,,31.621339645669547
84,CPB,Campbell Soup,Consumer Staples,10.934786944696283,1.4877352904897003,57.161469194312794,65.92184761489713,0.03507151521382431,14.38882105263158
85,COF,Capital One Financial,Financials,0.840298695517535,1.5463938239065393,7.218047049044057,1.747699686597499,0.017804269261081137,9.17598857319333
86,CAH,Cardinal Health Inc.,Health Care,2.200221238938053,0.09566836615498783,10.21496698459281,11.970664435069699,0.041442217912806154,6.347385620915032
87,KMX,Carmax Inc,Consumer Discretionary,2.4382891446386523,0.4522447283061746,10.343612855443236,2.0239475989091353,,6.959136314213351
88,CCL,Carnival Corp.,Consumer Discretionary,,,,,,
89,CAT,Caterpillar Inc.,Industrials,5.196786656640919,1.4130816356877323,12.477234859675038,1.1399406372528877,0.028043852377161085,6.431838777951596
90,CBOE,Cboe Global Markets,Financials,4.08935868399094,5.497476863907696,36.602432648706326,9.560400930986834,0.010931150368029972,20.059709497206704
91,CBRE,CBRE Group,Real Estate,3.333877518035944,0.8696306994695886,16.203783400036027,5.117628676772557,,12.630756335060937
92,CDW,CDW,Information Technology,20.221527647610124,1.0768801157915753,26.35550081433225,5.9474077265312735,0.009444488474093545,16.121962590133506
93,CE,Celanese,Materials,5.446897707391304,2.168552096622201,16.02743257327465,1.645576431452829,0.021969374972974604,15.500791072012692
94,CNC,Centene Corporation,Health Care,2.0926375778822406,0.35188968555312905,19.88243318697956,9.13458627909402,,11.496573531353135
95,CNP,CenterPoint Energy,Utilities,1.6018271922478766,1.0885028452971304,16.927526548672567,23.093654086307236,0.008962130405943057,10.916084762275915
96,CTL,CenturyLink Inc,Communication Services,1.1040535322939866,0.663881124949779,-2.82247126209907,1.7450152518953779,0.07396648108584149,22.76538330004755
97,CERN,Cerner,Health Care,5.411029898585421,4.103783701220427,44.12317385457471,22.285648633806446,0.004872311541648466,18.59155609617929
98,CF,CF Industries Holdings Inc,Materials,3.092073179150846,1.9515764705882352,18.16984989858012,13.796554991956356,0.029583367940292052,6.771957401490948
99,SCHW,Charles Schwab Corporation,Financials,2.845071970567947,5.77055218729596,16.702508099352052,6.243794730040074,0.01713378039569011,8.408985476741739
100,CHTR,Charter Communications,Communication Services,3.4413239058769283,2.364575435283192,64.87555768603117,11.577741340621836,0.00142312671184341,11.255124010795418
101,CVX,Chevron Corp.,Energy,1.4537857197340047,1.4309345054465041,71.7013679890561,9.102939460024526,0.04273214827421074,6.135086608735685
102,CMG,Chipotle Mexican Grill,Consumer Discretionary,14.503526980569523,4.369531085397331,69.71085338618568,10.952966377987293,,32.632011190610804
103,CB,Chubb Limited,Financials,1.2700663058108475,2.055637944387176,15.777736588868432,1.8155565858967815,0.019267428253167275,14.051948019300722
104,CHD,Church & Dwight,Consumer Staples,6.7165589624409625,4.111902150216857,29.093093034583536,12.597114852470044,0.012506671899266209,19.253330710210506
105,CI,CIGNA Corp.,Health Care,1.633338122766774,0.4822179636768556,14.508676295062697,2.0682924096183823,2.0255958666293562E-4,9.10984684600955
106,CINF,Cincinnati Financial,Financials,1.767007299270073,2.199616355376073,8.727971957936905,4.96308370569792,0.020367463464786666,6.882374213836478
107,CTAS,Cintas Corporation,Industrials,8.382971045261948,3.652149825682359,28.44323573048461,3.580950130063646,0.008770317321779544,18.695999201942655
108,CSCO,Cisco Systems,Information Technology,7.33582169134074,4.744737785141799,21.191882798382238,851.3357280550101,0.02427814544204924,16.082580665177463
109,C,Citigroup Inc.,Financials,0.8160214351238406,2.197816537183957,8.873356940980882,-3.254477914231779,0.031351540034486446,8.690015294679952
110,CFG,Citizens Financial Group,Financials,0.7679527671379667,3.6951277380212395,9.519441308336125,2.4876189258258146,0.03618912791362755,10.374937372825935
111,CTXS,Citrix Systems,Information Technology,27.202596284080872,5.044800956857033,26.061505523158353,-171.1060667172755,0.003119361720695888,18.148780346427763
112,CLX,The Clorox Company,Consumer Staples,37.74208368515205,3.3952083649822975,25.729054609756094,3.9932868305256197,0.023225143118285014,19.659322906976744
113,CME,CME Group Inc.,Financials,2.99049599868345,16.05143198438784,36.918672761634774,6.719849439497334,0.021703805447523095,26.24225634575806
114,CMS,CMS Energy,Utilities,3.83894180948585,2.814289262235208,28.329132352941173,12.202655183991403,0.022529291972875565,9.7207766687461
115,KO,Coca-Cola Company,Consumer Staples,13.25985775248933,6.753753018837545,28.215847533632285,18.752092641251423,0.02719665537955803,24.187787966116495
116,CTSH,Cognizant Technology Solutions,Information Technology,3.168275267646525,2.0807203718048024,18.958051031487514,5.04405070280891,0.01297223740740815,11.13720375965089
117,CL,Colgate-Palmolive,Consumer Staples,510.09980341880345,3.8030763397693237,25.214058724123362,9.025582437455991,,16.298963172109012
118,CMCSA,Comcast Corp.,Communication Services,2.5060198567299232,1.8989450516892927,15.29823544454863,3.087395935449983,0.018677882311510526,9.681408118578407
119,CMA,Comerica Inc.,Financials,1.785405621420008,9.740581395348839,10.923422982885086,2.4866328741527024,0.019622414019506023,11.420416666666666
120,CAG,Conagra Brands,Consumer Staples,1.7370148687809766,1.3447915793005116,18.910747456877488,10.386407559195453,0.027769202224030884,19.952399896220705
121,CXO,Concho Resources,Energy,0.8778705882352942,3.399454442508711,-22.142262127659578,-1.9273647800569613,0.006406028923938067,20.32578792221085
122,COP,ConocoPhillips,Energy,0.0019447689145536148,0.00185519392964276,0.009463063207678398,1.6897398113170476E-6,22.04910849765674,0.6324471603304727
123,ED,Consolidated Edison,Utilities,1.4198507114671768,1.9249755207911161,17.184097684515198,3.5123168841071393,0.03545498579000383,10.288186449184442
124,STZ,Constellation Brands,Consumer Staples,2.336368988128436,3.6130812185805814,8.534522881923223,0.6155463441626534,0.01901870236408646,14.861008222905403
125,COO,The Cooper Companies,Health Care,3.9869628486385182,5.451984623501922,30.996991643454034,10.945327999904428,2.0737858536836243E-4,19.581384894259816
126,CPRT,Copart Inc,Industrials,9.716568232566587,8.462352698906,29.203928946260984,16.108437323106987,,21.818999699429664
127,GLW,Corning Inc.,Information Technology,1.6647896490276595,1.8679857428496915,22.38275,16.293634146341464,0.02908675952091082,9.538426486294055
128,CTVA,Corteva,Materials,0.9015335883829034,1.5827950310559005,-22.852325338894683,,-0.008852230716510505,15.801543257989088
129,COST,Costco Wholesale Corp.,Consumer Staples,7.861525782326314,0.784747107129526,32.750269882481554,4.595435523985538,0.008662037525273404,18.987355514528815
130,COTY,"Coty, Inc",Consumer Staples,1.8325945627766027,0.9719521304272417,-2.2213223402568576,9.885410793844498,0.04133987347976333,-5.750037653079875
131,CCI,Crown Castle International Corp.,Real Estate,5.993905996758509,10.909262536873156,84.16342704149933,62.74549399509628,-0.030411922491589003,25.860178799489145
132,CSX,CSX Corp.,Industrials,5.218990137402006,5.186636508335428,18.586874812368656,4.471185358309293,0.012323768495343779,12.225669939816282
133,CMI,Cummins Inc.,Industrials,3.438382842680165,1.0950719103983708,11.42121238938053,0.8289847759503663,0.029482479813605644,7.7965421115065245
134,CVS,CVS Health,Health Care,1.4200912877364398,0.35319776770414674,13.670893880012057,-29.94247969342708,0.028701314581954827,9.38315869910747
135,DHI,D. R. Horton,Consumer Discretionary,1.9405436637427775,1.1053319236737547,12.014824837812789,3.0656192115106795,0.01148822734389407,9.669003713431755
136,DHR,Danaher Corp.,Health Care,3.9930080672335535,6.748371121818314,40.1804235090752,10.837452491225156,0.004357547214690072,27.515205543968246
137,DRI,Darden Restaurants,Consumer Discretionary,6.356177380255788,1.7869653600300808,21.31733950098122,4.417267497267082,0.02438224094362166,13.812940472117686
138,DVA,DaVita Inc.,Health Care,5.935074549699565,1.1118202404377266,15.613117274017515,15.004535410061088,,8.70846731126263
139,DE,Deere & Co.,Industrials,4.650300972575134,1.3519253400580773,16.315365816169688,2.180296098977245,0.017767683673429974,14.226115113803832
140,DAL,Delta Air Lines Inc.,Industrials,2.4203737465815864,0.8792511294557324,7.797797356828195,1.2900549121461637,0.026363858915692144,4.94076530057615
141,XRAY,Dentsply Sirona,Health Care,2.5247428571428574,3.1910188126675267,48.90548877900343,-10.792101430856246,0.006292168319313621,20.232740384615386
142,DVN,Devon Energy,Energy,1.5543760772147535,1.449918006430868,-25.40419718309859,-3.3247660151509577,,8.759719020172911
143,DXCM,DexCom,Health Care,24.66182075685475,14.746966802168021,215.2969634025717,-154.31591948052147,,88.97058603491271
144,FANG,Diamondback Energy,Energy,0.9438885629104082,3.1547879843592326,52.106581541666664,10.073718103462937,0.008956002348638048,8.253639967456996
145,DLR,Digital Realty Trust Inc,Real Estate,2.42198049073686,7.837720618077663,72.0837185448881,59.823806430192604,0.03557608679418836,14.452024991666514
146,DFS,Discover Financial Services,Financials,2.060747111898136,2.5825213991334675,8.264592492390937,0.9645038649033917,,9.210443307757886
147,DISCA,Discovery Inc. Class A,Communication Services,1.6746482232291913,1.3307685018478157,23.642424242424244,-34.93746965200972,0.00541171779315845,4.547220543806646
148,DISCK,Discovery Inc. Class C,Communication Services,1.51784652714589,1.3471841349605167,7.256172063798937,6.462146501262016,0.016652212546176586,4.0061062560688026
149,DISH,Dish Network,Communication Services,1.8154237915568827,1.1456185686214138,9.907247581250862,2.206211666949029,-0,10.445439031767929
150,DG,Dollar General,Consumer Discretionary,4.45038118282611,1.1145286683031126,17.96813347451229,3.095818235324054,0.010732656268385462,12.133738990211793
151,DLTR,Dollar Tree,Consumer Discretionary,3.5564072392402633,0.9421373269859555,26.897963724304716,-4.010684558338621,,13.307712718725515
152,D,Dominion Energy,Utilities,2.444424628238922,3.6772442017058204,20.085838169186758,4.381512280854277,0.04445570610452736,9.528659411664682
153,DPZ,Domino's Pizza,Consumer Discretionary,-3.3916282598274647,3.2013562474915536,28.91121675120848,3.256067121048669,0.00912517385671694,22.344264395801666
154,DOV,Dover Corporation,Industrials,5.693663701173227,4.536730543324243,25.470552721715606,6.485161010697906,0.016343191053304357,15.988143789874925
155,DOW,Dow Inc.,Materials,2.657778229082047,0.8379077320667737,-26.481953642384106,-4.370493571787108,0.014865663720625553,29.5872117090479
156,DTE,DTE Energy Co.,Utilities,2.106863338868809,1.5175879538418238,19.25710714285714,3.0736652494331063,0.02874634411413968,12.29748823742309
157,DUK,Duke Energy,Utilities,1.4480900107264303,2.587617144488398,23.80006001500375,5.5084807095857,0.038943461217923254,12.529363607291334
158,DRE,Duke Realty Corp,Real Estate,2.213024785748833,10.875662559211706,26.864569188151012,5.8772362614499905,0.03193059777946,16.673493486973946
159,DD,DuPont de Nemours Inc,Materials,0.9599369556200746,1.8289761993306062,79.00589558232932,15.33873565897304,0.04094554887571809,34.70598994974874
160,DXC,DXC Technology,Information Technology,1.6374421855814767,0.8996345492217993,14.852916308671437,2.3542423713927305,0.011247921665274298,6.571177947845805
161,ETFC,E*Trade,Financials,2.1012413898201765,4.799285067873303,13.106792775665397,5.562915630844303,0.0026109005387593264,7.740280385078219
162,EMN,Eastman Chemical,Materials,1.603922457200403,1.0305370430281462,12.590474308300394,1.6017881203337723,0.03589304083121166,10.002756113681428
163,ETN,Eaton Corporation,Industrials,2.5332278323591595,1.9045988779803646,18.425766621438264,3.599252314397498,0.029480082779876075,13.938523741007193
164,EBAY,eBay Inc.,Consumer Discretionary,10.371407665505227,2.7561055555555556,16.666259798432254,5.592748841450192,0.015890645482722867,10.09491672218521
165,ECL,Ecolab Inc.,Materials,6.616949097901051,3.855429449293252,36.86585925973443,7.431988001350143,0.009655440834820308,21.304950786742552
166,EIX,Edison Int'l,Utilities,1.6822276716572018,2.1112658945492835,20.30202492211838,-16.318412466950946,0.031072817805875445,12.235871964679912
167,EW,Edwards Lifesciences,Health Care,11.748415254441579,11.208820377184912,46.55263253414844,13.426908552842868,,38.193079911209765
168,EA,Electronic Arts,Communication Services,5.536527855936972,5.962672727272728,28.964896957801763,8.41453861765478,-0,22.612822085889572
169,EMR,Emerson Electric Company,Industrials,5.3162499696343986,2.382358262573481,18.98034952298352,5.308983829351995,0.027622487912933917,13.03876283618582
170,ETR,Entergy Corp.,Utilities,1.7867531699404307,1.4353657198078524,18.620615292407685,8.206656550556628,0.04098720527574668,12.546187525765761
171,EOG,EOG Resources,Energy,2.0239135987922023,2.520080980563088,16.01476443466147,2.705803082435681,,6.302618693291392
172,EFX,Equifax Inc.,Industrials,7.1608845885364145,5.2642995210400265,-46.30154714142427,-18.67197147897997,0.010219302328717426,11287.556315789474
173,EQIX,Equinix,Real Estate,5.739020605601019,9.121744508408634,99.98309193023944,23.025510128422585,0.016480547898334176,20.39631247695045
174,EQR,Equity Residential,Real Estate,3.0156165068393155,11.516751726627362,32.05724184517976,18.061331900518056,0.0267172886460278,16.37792557310482
175,ESS,"Essex Property Trust, Inc.",Real Estate,3.3037556616065102,14.0743762948865,46.78221231466516,7.894750523233579,,20.610428709563763
176,EL,Est√©e Lauder Companies,Consumer Staples,15.662159142726857,4.62182802933459,38.48416246498599,12.625444996410115,0.008865373409091274,24.083355400696863
177,EVRG,Evergy,Utilities,2.024541816866739,3.371181864097284,25.90561277802657,11.579683203317215,0.02665065514513227,12.279064452942823
178,ES,Eversource Energy,Utilities,2.372067110725468,3.5136566441165775,32.685133510866244,10.09643041929082,0.02213807934261627,15.871614644622332
179,RE,Everest Re Group Ltd.,Financials,0.0012214895096587348,0.0013553083504906774,0.011051216520499554,4.299912747483849E-6,21.00455247020429,0.4818405962884197
180,EXC,Exelon Corp.,Utilities,1.4609985697568586,1.2490248714742254,112.93005025125628,40.53576785188003,0.02963545717809931,8.007007802208937
181,EXPE,Expedia Group,Consumer Discretionary,4.408575694444445,1.6121174953221065,44.563533620689654,17.681027995502856,0.011068595705482,11.29259163265306
182,EXPD,Expeditors,Industrials,5.717063094411553,1.534979775977423,21.255453670847487,5.8759974973983535,0.013590840424595822,14.322082977635691
183,EXR,Extra Space Storage,Real Estate,5.581483554054571,10.834733624139632,33.75682029645186,10.421043674019652,0.03231445728006381,21.301586676109604
184,XOM,Exxon Mobil Corp.,Energy,1.4435340464388209,1.0442190248284506,19.292419804741982,3.9529094321616247,0.05296159489151222,8.206183745583038
185,FFIV,F5 Networks,Information Technology,4.9006758910176975,3.8496008512129833,20.18199600686408,2.671009806797491,,14.352339778864337
186,FB,"Facebook, Inc.",Communication Services,5.9176145427197335,8.45861380256588,32.35047984852583,4.175482520246596,,19.82183267736401
187,FAST,Fastenal Co,Industrials,7.77143073727491,3.883894064773047,26.19234514259704,19.967427319674652,0.024068903944650107,17.31953377003068
188,FRT,Federal Realty Investment Trust,Real Estate,3.6991659267924906,10.022192034948088,26.503385575330775,8.191379852278688,0.002146684901791549,13.022934783985232
189,FDX,FedEx Corporation,Industrials,2.422581517148167,0.6172467823167319,79.66255555555556,4.565089579080393,0.0158771559108815,7.453610436117151
190,FIS,Fidelity National Information Services,Information Technology,1.3276193365695794,6.3522210393883665,220.26006711409394,115.85783672077045,0.009994286802513807,23.815682281059065
191,FITB,Fifth Third Bancorp,Financials,1.1552548408516923,34.19470157347905,8.560369887751937,2.6272070467549486,0.024876296140230486,11.953737236130044
192,FE,FirstEnergy Corp,Utilities,3.9102939068100353,2.4716175804259173,29.906030701754386,11.869233253292727,0.0298449456081366,12.51550845183794
193,FRC,First Republic Bank,Financials,,,,,,
194,FISV,Fiserv Inc,Information Technology,1.8832023105612663,6.096606361048395,69.54773684210527,30.01626418214872,0.0018999735114709855,24.53856775907883
195,FLT,FleetCor Technologies Inc,Information Technology,7.47660134561334,10.476355449614323,31.003363055303872,3.3010199490824945,,20.347148776577647
196,FLIR,FLIR Systems,Information Technology,3.786210716600594,3.7549242458768455,41.29232842066003,19.7401965620743,0.012941668521309851,19.824838678824204
197,FLS,Flowserve Corporation,Industrials,3.555509722362635,1.6136562150652116,25.094342684138322,27.47710054460463,0.015639767485637703,13.900969245143687
198,FMC,FMC Corporation,Materials,4.9597575524226984,2.724542073408825,26.308324361122747,6.851429599252682,0.01674417175927752,15.93011634249254
199,F,Ford Motor Company,Consumer Discretionary,1.0580828687660089,0.225224374599102,747.0740425531915,807.0106328586555,0.06803848660077556,7.7724492497793465
200,FTNT,Fortinet,Information Technology,15.307080717149557,9.384301085242557,61.97375191424196,31.90099812563328,,36.582509139888394
201,FTV,Fortive Corp,Industrials,3.46391769324489,3.4956229508196723,38.19668607254814,4.455329182382738,0.003665786565243966,21.47183108438789
202,FBHS,Fortune Brands Home & Security,Industrials,4.093917003214375,1.7233284182770705,23.001386895114614,8.259481587850448,0.012381346685860774,13.726537561432249
203,FOXA,Fox Corporation Class A,Communication Services,2.3611360209108274,2.062184564053034,14.724902821316615,4.181145245559039,0.008004693816203714,10.914801940177849
204,FOX,Fox Corporation Class B,Communication Services,2.363008947421333,2.0638203529721664,14.736583072100315,,0.007998349276851374,10.92233225545675
205,BEN,Franklin Resources,Financials,1.4269471559077374,2.448013161312668,11.822406958267123,7.788807096001208,0.03668633929756342,5.110763560981228
206,FCX,Freeport-McMoRan Inc.,Materials,1.6666901408450703,0.8766496671677045,6.276029976940814,5.004935298066725,0.013349475175793605,3.5731760909649664
207,GPS,Gap Inc.,Consumer Discretionary,2.7945820433436532,0.5988630880579011,9.899451645064806,4.494444437912677,0.037566156216796,5.049050474762619
208,GRMN,Garmin Ltd.,Consumer Discretionary,3.900057146183078,4.975351551095741,19.627488834481557,5.370949432085518,0.022319660125340663,16.20807795119506
209,IT,Gartner Inc,Information Technology,15.621920523592228,3.4538319363836094,62.85149492048524,46.09927418234486,,28.155059461590888
210,GD,General Dynamics,Industrials,3.848130793253296,1.3277273641677254,14.996002233065441,1.2924177876716005,0.022049504599137924,11.552687927697646
211,GE,General Electric,Industrials,3.9220412487639496,1.1663885563047451,-22.304984936734286,8.704481708256314,,24.30153024911032
212,GIS,General Mills,Consumer Staples,4.3482083776313,1.8188006071674219,17.501247218577053,4.930900436430625,0.03852393569681281,13.790094387755103
213,GM,General Motors,Consumer Discretionary,1.1356699846860643,0.34583909587064715,7.050196078431371,1.2527426024065726,0.04951337830412254,2.182709321904179
214,GPC,Genuine Parts,Consumer Discretionary,3.842184881679002,0.7280673277364398,22.732643164784207,4.087687556001786,0.03108527474563804,15.689804613533857
215,GILD,Gilead Sciences,Health Care,3.610126526082131,3.622348434228696,15.098050501299666,3.5150365053438266,0.039622175136900646,16.566526093832366
216,GL,Globe Life Inc.,Financials,1.6063923536478515,2.5880587900781267,15.40177840134597,2.3979529942692586,0.006331374420094134,8.961070252601981
217,GPN,Global Payments Inc.,Information Technology,1.4240340393671727,8.075815168574554,92.1187514543221,40.40889934562797,5.858695733041714E-4,27.14291882200918
218,GS,Goldman Sachs Group,Financials,1.0050264000443139,2.482315656980244,10.715651783605008,0.38071863493523483,0.023192570158737272,13.367681940262065
219,GWW,Grainger (W.W.) Inc.,Industrials,9.216433962264151,1.4884629113703638,20.137202591283863,1.4085741454516973,0.019185230180355783,12.67369885982562
220,HRB,H&R Block,Consumer Discretionary,9.2270574874383,1.614504971273532,11.82625875425139,3.9611618266981052,0.04111933250931761,7.195504365355304
221,HAL,Halliburton Co.,Energy,2.3971854717923113,0.8571157622277757,-16.9816534040672,-8.972793918211835,0.03280182232346242,23.332412914188616
222,HBI,Hanesbrands Inc,Consumer Discretionary,4.1408176161152195,0.7349750183832949,8.523961845785058,5.620783824544595,0.04237035280963455,7.807381959768398
223,HOG,Harley-Davidson,Consumer Discretionary,3.406926895869047,1.0571710173827484,11.37210120970701,3.5450845922099683,0.04067200685268631,15.841696147145923
224,HIG,Hartford Financial Svc.Gp.,Financials,1.197128768796275,0.8274114481667106,8.679349197565024,-0.9935096622188772,0.02416539484852442,5.446874058127018
225,HAS,Hasbro Inc.,Consumer Discretionary,4.482612773031817,2.8447362891657537,25.80016877572273,14.969280536304902,0.025067693436720745,14.03972470171664
226,HCA,HCA Healthcare,Health Care,-17.431116274928772,0.9534551679133552,13.964785877318116,1.2582320013730433,0.011236741398522179,10.425358894536213
227,PEAK,Healthpeak Properties,Real Estate,2.917502191433508,8.888215254660722,389.92246980013175,178.68532782014685,0.04056306552417663,24.637310460267265
228,HP,Helmerich & Payne,Energy,1.0371132412131627,1.486919588778234,-123.6370810553839,-27.97582508317203,0.07532113395362643,7.336212415636531
229,HSIC,Henry Schein,Health Care,3.6038448103758713,0.8083763825088556,19.915206846296098,22.367930790605,0.001641182815925565,12.080631888837532
230,HSY,The Hershey Company,Consumer Staples,13.53347401309321,2.947279367092348,20.473062124464636,2.5877457320017467,0.025929109126032805,14.452299098911995
231,HES,Hess Corporation,Energy,2.019957856161246,2.70941198156682,-43.231058823529416,46.17445006257823,,9.916889457959881
232,HPE,Hewlett Packard Enterprise,Information Technology,1.1592847116621827,0.6803312167496138,18.89556720686368,13.399215110527548,0.030673840712964997,7.846797059595694
233,HLT,Hilton Worldwide Holdings Inc,Consumer Discretionary,40.63023593466424,2.5137278239389174,29.302696335078533,7.0289231876042235,0.008084955461275743,16.259033333333335
234,HFC,HollyFrontier Corp,Energy,1.256986773428024,0.42973013530720533,9.728930964748287,1.4734550833683362,0.02996469684429291,5.1424521242394245
235,HOLX,Hologic,Health Care,6.088120021742213,3.8252117512547144,-63.2644181237721,153.13797556136402,,44.07541112388618
236,HD,Home Depot,Consumer Discretionary,-79.95456354300386,2.2602714447720573,22.16139654865682,2.1780780889921685,0.023914416732674148,15.299323005678373
237,HON,Honeywell Int'l Inc.,Industrials,6.952694928084785,3.502768803290746,20.931652287156115,2.2308531114618715,0.018991603409280564,15.265657453452064
238,HRL,Hormel Foods Corp.,Consumer Staples,3.9307086396627318,2.4507475237480225,23.779509034476696,12.559529690193534,0.018777362872345674,16.785208619481534
239,HST,Host Hotels & Resorts,Real Estate,1.6513820194015574E-6,2.2099954287803985E-6,1.313746195652174E-5,8.826392333806649E-12,51545.26157979194,0.2734720367758271
240,HPQ,HP Inc.,Information Technology,-23.60758591785415,0.4793357274150725,8.935231598984771,2.541181879568599,0.034441313953880594,6.224594243670201
241,HUM,Humana Inc.,Health Care,3.8226333970258373,0.7091147546541733,16.997797635759145,1.353915485479318,0.006324294404015251,12.642696628616937
242,HBAN,Huntington Bancshares,Financials,1.4106222446406054,17.77608190692395,11.24244663316583,10.252258192687552,0.03282095153869269,11.141314549740688
243,HII,Huntington Ingalls Industries,Industrials,6.929807304785894,1.7565098164405428,20.044688524590164,0.9926436661698956,0.01353987365571318,12.64548033126294
244,IEX,IDEX Corporation,Industrials,5.541885721683489,5.02793723815659,29.47576378134099,5.427027318617373,0.011736682249327212,19.414497969418793
245,IDXX,IDEXX Laboratories,Health Care,137.6739501219904,10.151368041487252,57.12477543720191,13.047468342854149,,38.54107850893413
246,INFO,IHS Markit Ltd.,Industrials,3.550298842653105,6.768134145788974,59.43625422717327,43.78532834917153,,22.13155207408347
247,ITW,Illinois Tool Works,Industrials,19.017099009900992,4.084046353391452,22.856727489091632,2.8885267396475927,0.02292534719058634,16.561862591431556
248,ILMN,Illumina Inc,Health Care,10.014992412746585,13.03955969517358,46.106946107784424,8.20547345985994,,37.16009844134536
249,INCY,Incyte,Health Care,6.049376740971196,7.281376392640401,35.17235575266387,69.03634471493383,,30.525915244918835
250,IR,Ingersoll Rand,Industrials,3.7181904395745224,1.6665434446841374,19.521333732057418,3.7046473964107123,0.018363390316139837,12.856920444073895
251,INTC,Intel Corp.,Information Technology,3.7437129696531795,4.031858959216286,13.785287438236413,2.8922060805913756,0.019217465229432792,9.584605763671222
252,ICE,Intercontinental Exchange,Financials,3.2567586206896553,8.58337711929128,29.071583031557164,8.203801851460549,0.0110507324713762,19.19471364317841
253,IBM,International Business Machines,Information Technology,5.822520287455017,1.5729340779401664,12.866837589953347,1.3079640238474113,0.04703036058557959,10.394893393580894
254,IP,International Paper,Materials,2.628975957620212,0.8304522869647302,9.619543240556661,1.8355201211342025,0.0407656691684594,9.462695722097138
255,IPG,Interpublic Group,Communication Services,3.226888576677834,0.8763581931848199,13.654756097560975,8.518502713311186,0.040535773294393986,8.03553646819042
256,IFF,Intl Flavors & Fragrances,Materials,2.3946261948909044,2.8964738747460155,32.658479488805,10.76175334831418,0.021057730636008846,18.878911612381145
257,INTU,Intuit Inc.,Information Technology,18.322752734062416,10.12558962264151,44.118175979447656,9.472110449757547,0.007293425726431026,32.232804232804234
258,ISRG,Intuitive Surgical Inc.,Health Care,7.971506570826981,17.546529579415605,47.759686797650986,4.886486263364592,,40.72694225228611
259,IVZ,Invesco Ltd.,Financials,0.5567836970243462,1.2617147807892242,13.668167168408004,6.778345702683535,0.06855035244287234,8.87574964495841
260,IPGP,IPG Photonics Corp.,Information Technology,2.897036935104171,5.292856758160965,38.60475232198142,5.069974934736185,,19.146542396708487
261,IQV,IQVIA Holdings Inc.,Health Care,5.10256538397468,2.7625090187590184,160.37015706806284,120.80392912733227,,20.802560240963857
262,IRM,Iron Mountain Incorporated,Real Estate,6.2511903929200345,2.146938380569157,34.226972364863094,27.03212179550112,0.07698471293769762,11.853278010280334
263,JKHY,Jack Henry & Associates,Information Technology,7.511827534109207,6.913480660350321,39.48176324548982,8.087964880852743,0.01106199719126161,21.057385640989292
264,J,Jacobs Engineering Group,Industrials,2.2667200221324304,1.016936626286283,15.275855310096123,12.890133317726907,0.008213621152156049,23.90385722497039
265,JBHT,J. B. Hunt Transport Services,Industrials,5.287317771409188,1.3078562705946537,23.215259374031607,5.089352356292449,0.009328575866706181,10.74261560481533
266,SJM,JM Smucker,Consumer Staples,1.6421884448905337,1.6699493493238071,25.44530132192846,2.149905557679747,0.02887143258459372,13.435568404974907
267,JNJ,Johnson & Johnson,Health Care,6.649332447747642,4.81900157203963,26.155331040412726,4.522681972608727,0.025078238312553444,18.34026798626175
268,JCI,Johnson Controls International,Industrials,1.9023242942426388,1.5688143357810413,6.626954881917519,2.6673340139891883,0.024467211835152054,22.331388623072833
269,JPM,JPMorgan Chase & Co.,Financials,1.675160276279034,3.786050273724995,12.016404573028463,1.1920566401432284,0.028195194488535053,14.145552794209362
270,JNPR,Juniper Networks,Information Technology,1.7060998568516028,1.769501957079228,22.80041739130435,13.803322012163791,0.0330657562332955,12.772787739463602
271,KSU,Kansas City Southern,Industrials,3.832283866591294,5.913564340544313,31.449759510113196,4.97842574993051,0.008514140618696814,16.204911398544866
272,K,Kellogg Co.,Consumer Staples,,,,,,3.9379310344827587
273,KEY,KeyCorp,Financials,1.1109928559690103,4.842439570222563,11.024517344205007,5.861374296103799,0.04247429397088998,13.853334635439682
274,KEYS,Keysight Technologies,Information Technology,6.002982689747004,4.190787822449454,29.038582930756842,33.08638539989265,,17.883179587831208
275,KMB,Kimberly-Clark,Consumer Staples,-1505.9050909090909,2.686209081081081,23.038881780250346,5.614297716095049,0.028332905522558186,14.585431934493347
276,KIM,Kimco Realty,Real Estate,1.3099182140926062,5.998519019336139,14.035590976205064,13.856586337667956,0.07582189780909486,12.684699368045646
277,KMI,Kinder Morgan,Energy,1.4372260091280897,3.671351351351352,22.14378082191781,31.15818507198379,0.0446026467123952,11.225991584091217
278,KLAC,KLA Corporation,Information Technology,8.21607095311661,4.78176385408842,18.58379046917491,3.6148358137101235,0.02161641969623873,17.216142914636926
279,KSS,Kohl's Corp.,Consumer Discretionary,1.969364935769857,0.5380730634237976,13.588863920099877,2.59438147019369,0.0367488984517689,5.129754838709678
280,KHC,Kraft Heinz Co,Consumer Staples,0.7178457276795227,1.483658966248949,19.15108527131783,-2.2942970090540684,0.052702095535703444,17.034686003193187
281,KR,Kroger Co.,Consumer Staples,2.756837944664032,0.19392506092275483,14.294345991561181,3.6724059315940143,0.020493946273812617,6.207616326530612
282,LB,L Brands Inc.,Consumer Discretionary,-4.096731154102735,0.47553043208920553,-16.778688524590166,-7.190866510538642,0.05406285621234327,12.537825059101655
283,LHX,L3Harris Technologies,Industrials,,,,,,
284,LH,Laboratory Corp. of America Holding,Health Care,2.1536991135209567,1.324783207157605,16.990265927350908,1.3584710337749426,4.2626035529599854E-4,2.999786984769411
285,LRCX,Lam Research,Information Technology,6.894005487963388,3.3378001791878,14.703481726543854,0.9417294827404235,0.021052552547419192,11.8838907928363
286,LW,Lamb Weston Holdings Inc,Consumer Staples,-1991.763043478261,2.439001730334087,19.143564563309653,6.728724108744876,0.012366147099303545,13.80369523350987
287,LVS,Las Vegas Sands,Consumer Discretionary,9.840023134759978,3.7149865346822915,18.9177909562639,6.044598768039564,0.058777199148906153,11.976211631663974
288,LEG,Leggett & Platt,Consumer Discretionary,5.072466463414634,1.4003316149395055,19.937315757938883,8.779974401078606,0.030743450563149092,13.70590996784566
289,LDOS,Leidos Holdings,Information Technology,4.209554644008204,1.295043266630611,21.540044977511243,5.301594546960598,,14.421097666378564
290,LEN,Lennar Corp.,Consumer Discretionary,0.9077552287876413,0.6434329217746516,7.80529701367648,2.9658741865412077,0.0037139070995924183,9.216776847481528
291,LLY,Lilly (Eli) & Co.,Health Care,50.95484580536269,5.951485809717959,15.968718447057125,4.600191531125792,0.0181414140802853,22.438083793183043
292,LNC,Lincoln National,Financials,0.9615567266341463,0.8401326733560643,8.408494227422302,0.873352754448329,0.02094454987881572,9.453579165581909
293,LIN,Linde plc,Materials,2.295961275217019,3.9914979318407253,49.309410774617064,6.090168069774172,0.016783228657028477,16.03622094750656
294,LYV,Live Nation Entertainment,Communication Services,12.953467798083471,1.2852773048143793,212.37022238692785,740.515342481458,0.007241175050357208,17.95703819213905
295,LKQ,LKQ Corporation,Consumer Discretionary,2.0811674215931877,0.8335373976030435,19.259338487972506,12.441483403532283,,9.729939540018613
296,LMT,Lockheed Martin Corp.,Industrials,39.31045730732331,2.0551695311977527,19.730947030497592,1.1026807496235276,0.021151314879624614,13.777871378672694
297,L,Loews Corp.,Financials,0.8293020555468382,1.0619132007233274,17.01225965665236,8.096872638472751,0.004793311765953182,12.576674105067411
298,LOW,Lowe's Cos.,Consumer Discretionary,41.990309330628804,1.1477087375949437,19.34241765942537,6.49483946472494,0.019539908814563973,12.140367431640625
299,LYB,LyondellBasell,Materials,3.6620897563401296,0.8482693581363205,8.671725051516043,0.6526906062228494,0.04963023438574098,7.394162529876816
300,MTB,M&T Bank Corp.,Financials,1.4599495935806672,52.99464480874317,11.894112543924807,0.8335949288114802,0.024063002826471277,10.0265042322901
301,MRO,Marathon Oil Corp.,Energy,0.7904714885213527,1.8509826589595375,20.01375,14.791183850364964,0.016863406408094438,4.766765578635015
302,MPC,Marathon Petroleum,Energy,1.0629978631210306,0.2889627992158065,13.582347364429276,3.2197003284744223,0.03903212612011452,6.826824916189034
303,MKTX,MarketAxess,Financials,17.246854306828673,25.973590168807398,64.81951020487843,13.906127189315175,0.005802593486732016,45.89052205379249
304,MAR,Marriott Int'l.,Consumer Discretionary,67.82252773826458,2.2734711520122066,37.45423173605656,6.534359149756695,0.012835775874517454,26.506689514298685
305,MMC,Marsh & McLennan,Financials,7.300465818960091,3.4823204419889504,33.287944890929964,10.208303099885189,0.015348108906041982,18.663259137125586
306,MLM,Martin Marietta Materials,Materials,3.115188383045526,3.517281762359942,27.24097074685406,3.6224849290388015,0.007787026621672292,15.457935370900987
307,MAS,Masco Corp.,Industrials,-89.38423423423423,1.1869422179686566,13.517234332425069,7.735002760580949,0.013505818084693573,8.891678674351585
308,MA,Mastercard Inc.,Information Technology,55.994539283896145,19.544856956702006,40.64742793791574,7.055544327165097,0.004076056239514762,29.26766310585327
309,MKC,McCormick & Co.,Consumer Staples,5.950600213688643,3.5008966703026494,20.287122348403685,5.588095075021124,0.014438107308829742,21.798671726755217
310,MXIM,Maxim Integrated Products Inc,Information Technology,9.615665071241375,7.666825235305785,21.44272649930029,12.616720808114824,0.028493499305881527,19.792430526331742
311,MCD,McDonald's Corp.,Consumer Discretionary,-19.961031631000086,7.775771973525017,27.19919972118034,3.480531591686244,0.021856038541118613,18.44781926887918
312,MCK,McKesson Corp.,Health Care,3.0155522609340255,0.11388574974687264,717.8788235294118,2100.06342405619,0.01196334954121374,15.815738419618528
313,MDT,Medtronic plc,Health Care,2.4261057675031443,3.9770286350099813,26.2418622327791,11.382745911795675,0.022159855354156783,15.95799977596057
314,MRK,Merck & Co.,Health Care,8.564191145250318,4.73681682322801,22.541145992075585,9.29550473788969,0.02566789484951943,15.780795183911087
315,MET,MetLife Inc.,Financials,0.8548271363834588,0.663582196317393,8.800397813780988,2.207561137377131,0.03721905106147713,5.329697785606442
316,MTD,Mettler Toledo,Health Care,45.365825830600315,6.344712579919512,34.020185370400405,1.6304656206899915,,26.12290646105899
317,MGM,MGM Resorts International,Consumer Discretionary,2.123211110269934,1.2718629512440318,8.006562197129927,8.991164265543317,0.016535281753946696,4.777952021977972
318,MCHP,Microchip Technology,Information Technology,3.9596724349881796,3.9137803533040474,58.827670694015175,54.4052302972842,0.016449530319101784,17.897065861307933
319,MU,Micron Technology,Information Technology,1.3415439926423456,2.056564128855849,7.62489149374307,0.6009288379221635,,3.645026072067865
320,MSFT,Microsoft Corp.,Information Technology,10.52384979966774,8.557532401484389,27.444076197757386,12.707645686162117,0.012824708722134454,20.821865449021796
321,MAA,Mid-America Apartments,Real Estate,2.579487318665945,9.539076353261423,44.24335721614082,22.979153384120767,0.027964032927021286,17.923443709672245
322,MHK,Mohawk Industries,Consumer Discretionary,1.1981648285970132,0.9757524768641472,13.072781643915503,1.092088767626588,,8.665823808343236
323,TAP,Molson Coors Brewing Company,Consumer Staples,1.057660245495062,1.071093117408907,12.795557545902373,1.9543490524076597,0.02479308761437579,9.479072741806554
324,MDLZ,Mondelez International,Consumer Staples,3.115160403299725,3.284598732024122,21.95503875968992,9.383327715986967,0.018148435844926206,20.340081799591
325,MNST,Monster Beverage,Consumer Staples,8.710086640051342,8.648841787756151,32.795695126079245,17.906806756170198,,24.423306857488964
326,MCO,Moody's Corp,Financials,81.60005392156863,10.341526817146407,35.11901054852321,5.076381106319062,0.0075691991504955635,24.425947679708827
327,MS,Morgan Stanley,Financials,0.9731861825405584,-167.07865263157893,8.777080291970801,1.6223752665885671,0.033101334184114484,19.013866896156053
328,MOS,The Mosaic Company,Materials,0.8427680583528387,0.8691876536833478,-7.252432077946413,-5.922305173437943,0.008680773095183902,-54.17935691318328
329,MSI,Motorola Solutions Inc.,Information Technology,-42.85666,3.80368479776848,34.561822580645156,5.960662155212716,0.012633475670492554,17.279828860759494
330,MSCI,MSCI Inc,Financials,-323.03391662538775,15.907874895044023,43.965779848416034,7.327326992309926,0.008995600906536018,31.395515495428292
331,MYL,Mylan N.V.,Health Care,0.9512230094750838,0.9829263075518456,672.8657142857143,984.3882237082066,,8.611578177563258
332,NDAQ,"Nasdaq, Inc.",Financials,3.3916424158325937,4.487440540328484,24.70991160578811,8.898353600171893,0.015947319190446427,18.376529894681024
333,NOV,National Oilwell Varco Inc.,Energy,0.8993877994066142,1.470322962261919,-400.923870967742,639.4481992650062,0.0061149087913078175,15.219356270810213
334,NTAP,NetApp,Information Technology,15.65245871559633,2.7759811259355676,14.594679213002568,48.776954211877,0.023620874992233833,11.481086036671368
335,NFLX,Netflix Inc.,Communication Services,20.07874860148636,7.552929554499363,81.5463707311952,29.4746380655117,,13.584342545504558
336,NWL,Newell Brands,Consumer Discretionary,1.705719984687607,0.8714448939258252,79.41838649155721,-4.85953873312366,0.04610205527994331,-387.70588235294116
337,NEM,Newmont Corporation,Materials,1.5430882352941175,3.3935266940451747,11.783582887700534,25.39863173741904,0.026896237703442506,6.691659295949053
338,NWSA,News Corp. Class A,Communication Services,0.7283172572178478,0.6610812983919,42.966019354838714,-16.593283696680444,0.02417514335784933,6.386705824284304
339,NWS,News Corp. Class B,Communication Services,0.874748031496063,0.7939940440738534,51.604490322580645,-19.929422385477476,0.020128280909788295,7.708485686080948
340,NEE,NextEra Energy,Utilities,2.529119845360825,5.1625675853410655,13.009079240735161,1.1446441607876308,0.024330007637839043,13.672038447846209
341,NLSN,Nielsen Holdings,Industrials,3.372564942241458,1.139239773502616,-17.83802421257831,8.912294336434785,0.053358332603030384,23.01324290832579
342,NKE,Nike,Consumer Discretionary,14.66989103982301,3.390234808395327,32.915317696698935,26.89928989419312,0.010044050930124736,23.839850570548812
343,NI,NiSource Inc.,Utilities,1.8210892478326959,2.1574217358610044,33.23876524390244,-189.83084449128125,0.027379506095723705,11.527943451092
344,NBL,Noble Energy Inc,Energy,1.1537931034482758,2.186435331230284,-6.417592592592593,46.47892817059484,0.023393861945297523,19.83530751708428
345,JWN,Nordstrom,Consumer Discretionary,5.456572012257405,0.3441113115176501,10.770129032258064,2.9636950812171126,0.04286796815565153,3.9195754923413566
346,NSC,Norfolk Southern Corp.,Industrials,3.7195633561643837,4.99980966713881,20.74865907421014,2.0491830210950974,0.016803047566435338,13.278831903276131
347,NTRS,Northern Trust Corp.,Financials,2.1016711280559175,214.8345400286965,14.189791001638396,2.640890939127265,0.01835635818155778,7.817672944269847
348,NOC,Northrop Grumman,Industrials,7.3884217031409465,1.9254304246328418,28.985093861209965,1.519720158161303,0.013505530691310823,15.398534389412472
349,NLOK,NortonLifeLock,Information Technology,7.853,3.1062,459.8,0,,6.0803382663848
350,NCLH,Norwegian Cruise Line Holdings,Consumer Discretionary,1.7532637203155699,1.767697868020988,12.280353072096304,3.4735008045269966,,9.846894621048127
351,NRG,NRG Energy,Utilities,-9.809789303079416,1.2771977210381937,45.1689552238806,-6.377780951258571,0.0030565174865843665,11.556801023672424
352,NUE,Nucor Corp.,Materials,1.4389309921561064,0.6598055731724021,11.725080813094987,1.5150239948400224,0.03301486855994621,7.027009128248314
353,NVDA,Nvidia Corporation,Information Technology,8.698265895953758,6.935745988391942,19.62308621106013,3.9156010555709084,0.004565636875578396,20.28165272995573
354,NVR,NVR Inc,Consumer Discretionary,6.168931200677931,1.9547475917161752,16.439763243293697,0.07508454995293805,,14.904246877296107
355,ORLY,O'Reilly Automotive,Consumer Discretionary,81.35214627271354,3.184680745833614,23.237588656561055,1.3506706843671195,,16.620524368520034
356,OXY,Occidental Petroleum,Energy,0.9598505784061697,1.6112197812975042,-33.357974619289344,-6.5367418190062265,0.07985974632052457,12.30239255529581
357,ODFL,Old Dominion Freight Line,Industrials,3.5370609901201573,2.6518348913670136,17.703274189057023,2.3464185094399888,0.005006293693474916,9.82678167704383
358,OMC,Omnicom Group,Communication Services,5.852553348050036,1.1169544661187532,12.473005750130683,2.0669229974960226,0.03378515515127523,7.495169730654125
359,OKE,ONEOK,Energy,5.013109354699386,3.070665708941836,24.411023505037242,8.765647810888051,0.046701822142192706,18.268451805354328
360,ORCL,Oracle Corp.,Information Technology,9.154644021115447,5.0481931858451885,17.994579085085267,17.096026247111073,0.014701611441022671,14.287524006320652
361,PCAR,PACCAR Inc.,Industrials,2.718415635528173,1.0306845002089868,11.049547300975753,1.7462019765425214,0.043152956803761376,7.980345744044056
362,PKG,Packaging Corporation of America,Materials,3.0427730380983395,1.3417509297416825,13.418087306145894,1.7054425329491665,0.03196581979539307,7.650045063498566
363,PH,Parker-Hannifin,Industrials,3.8550322472324163,1.6049624821337842,15.197123676575217,1.862357042218947,0.01794620118415209,11.340100434923157
364,PAYX,Paychex Inc.,Information Technology,11.284049627791564,7.835273161033798,28.575568445475643,10.99319287310148,0.02797158509167291,17.75585985748219
365,PAYC,Paycom,Information Technology,35.59061200695747,25.408363376085003,103.79570275119617,43.58942433197099,,69.19557113692885
366,PYPL,PayPal,Information Technology,8.14325614450696,7.736826468602296,55.91658397722652,31.913500043395207,,37.21147893142385
367,PNR,Pentair plc,Industrials,3.838138082808742,2.5359590152847287,21.083323025021084,10.28069925284563,0.01636144417013875,16.479879024390247
368,PBCT,People's United Financial,Financials,0.7783621904570163,57.542325581395346,11.88662567255957,10.00497866906317,0.04442432668369491,8.890035783099368
369,PEP,PepsiCo Inc.,Consumer Staples,13.448793453266601,2.960853173716889,27.18811320754717,3.039246534347462,0.026672854125134912,17.716958264560244
370,PKI,PerkinElmer,Health Care,3.8413764720181507,3.74832975514214,47.49979042705596,22.12552284381063,0.002873450149651854,21.101393186949856
371,PRGO,Perrigo,Health Care,1.3560632688927945,1.6269731674039771,53.8694045174538,55.92548865934135,0.014281503166326147,18.236253978890936
372,PFE,Pfizer Inc.,Health Care,3.2694491867665456,3.989233429951691,12.686218275671358,6.334578102502806,0.03959449693651264,10.237836822556137
373,PM,Philip Morris International,Consumer Staples,-11.327040684115055,4.399703069954705,18.250960334029227,3.587440692632467,0.05460861727183401,13.482309699869509
374,PSX,Phillips 66,Energy,1.7469290742673624,0.40558100938551445,14.146945136540962,1.14127287660584,0.03607868101629455,12.149649816617615
375,PNW,Pinnacle West Capital,Utilities,2.0452659682601415,3.199784150133282,20.632931230494872,4.539756003558449,0.029678531757298437,11.505496172077528
376,PXD,Pioneer Natural Resources,Energy,1.8951654426932913,2.4685629836629404,30.380304232804235,5.18763886183876,0.005529550221160239,8.772892768079801
377,PNC,PNC Financial Services,Financials,1.3297288803218237,3.7044886761615694,11.871548821548823,1.0289556977845769,0.025226383551326472,11.28136826783115
378,PPG,PPG Industries,Materials,5.519447199091597,1.9255750033012016,23.46320112630732,4.1449905643715175,0.01604676383576494,15.03580064456722
379,PPL,PPL Corp.,Utilities,2.045172245400662,3.419852315613335,15.21697172966781,6.067732079213878,0.04486459816098266,11.564765203883494
380,PFG,Principal Financial Group,Financials,1.0373647557805445,0.9347863716781428,10.876630325634771,1.959411062865727,0.03996254862934393,8.26932242521582
381,PG,Procter & Gamble,Consumer Staples,6.33595653544631,4.453910466284499,77.35655016679496,19.863575281803882,0.024872413937367614,39.382923354590304
382,PGR,Progressive Corp.,Financials,3.491306058567124,1.2233345036043493,12.023606780344053,2.6839680489293234,0.03442170179368656,8.74475456001178
383,PLD,Prologis,Real Estate,2.6781336545722803,18.215252290789014,38.569410772944494,14.745770662216056,0.022180684083971128,23.02201323831905
384,PRU,Prudential Financial,Financials,0.5971786104729462,0.5815872976684617,9.004043956043954,0.8946580739829634,0.04353832837440352,7.564098827772768
385,PEG,Public Serv. Enterprise Inc.,Utilities,2.0041089535423158,3.001190948789202,17.861783815711753,6.260319223309265,0.03141534391534392,13.0
386,PSA,Public Storage,Real Estate,4.052259896893221,13.41711626268934,21.5977939499635,2.6052574721288124,1.900174797084996E-4,17.315552549569908
387,PHM,PulteGroup,Consumer Discretionary,1.5786438572770625,0.7464973370024983,7.441673974069077,4.718684995155774,0.01367683289506723,9.213620358168168
388,PVH,PVH Corp.,Consumer Discretionary,0.9183869913103331,0.538622060752851,12.789853822190272,1.2714458113699334,,8.545615864022665
389,QRVO,Qorvo,Information Technology,2.0035453894656006,2.826503607225777,65.61363200000001,68.485514666667,-0,10.215119053439038
390,PWR,Quanta Services Inc.,Industrials,1.436848849416289,0.48048083606605696,14.47517535394136,7.1900683862155805,0.003992674895261017,8.410620312766957
391,QCOM,QUALCOMM Inc.,Information Technology,20.128050519454064,4.070720553701644,22.528180574555403,-5.604255447206421,,11.34788266431407
392,DGX,Quest Diagnostics,Health Care,2.6605211841872007,1.9425317111053586,17.49184149184149,3.1846559237863583,0.019056503198294245,11.914102564102564
393,RL,Ralph Lauren Corporation,Consumer Discretionary,3.0690867607690433,1.5980836369396483,23.413093525179857,11.591494705955137,0.01890233252999246,12.090738939627565
394,RJF,Raymond James Financial Inc.,Financials,1.6480352530010638,1.351828493082388,10.48909090909091,1.7263574763268357,0.01761063350335432,8.227667844522967
395,RTX,Raytheon Technologies,Industrials,1.9832243979508786,1.5340940671061403,14.96247354162904,2.427390849000665,0.029475945214622542,9.157833241822889
396,O,Realty Income Corporation,Real Estate,2.4177568582481674,14.728160698142393,53.78398918936014,48.82891914699682,0.0389424314195708,22.315441075230172
397,REG,Regency Centers Corporation,Real Estate,1.6821763628884137,9.223896065616016,43.6534567096855,29.35486313706171,0.03737083576563132,26.287195240204014
398,REGN,Regeneron Pharmaceuticals,Health Care,3.3103560961973724,4.6685728819594585,17.350815767085734,0.7751223538560638,,15.0514259741333
399,RF,Regions Financial Corp.,Financials,0.95317275237803,287.6287037037037,9.8179203539823,5.553627488466395,0.03714923110105299,9.918270427208627
400,RSG,Republic Services Inc,Industrials,3.7859232760956862,2.984142992795697,28.636246387263043,8.866731339632151,0.015981840911774903,13.533228739345615
401,RMD,ResMed,Health Care,8.993329491992299,7.149587435144703,46.061005704512205,20.887475402671985,0.011360429932689077,27.06584876818006
402,RHI,Robert Half International,Industrials,6.1312647647993375,1.1543833695068115,15.430708773350528,4.1093791536736655,0.02076816356024533,9.704305749866142
403,ROK,Rockwell Automation Inc.,Industrials,51.27699158832261,3.0958594730238396,29.78752515090543,6.580512092160808,0.022184524292005854,20.855165210786176
404,ROL,Rollins Inc.,Industrials,15.343145498007967,6.210029159350367,61.55080202806041,87.00773103923864,0.012290979464682831,37.05170159434582
405,ROP,Roper Technologies,Industrials,4.262221683751409,7.538306253260789,22.88397646925731,2.5176251113467116,0.004738413146221794,23.42830930946558
406,ROST,Ross Stores,Consumer Discretionary,11.949270435147858,2.5026742355995264,24.167558593749998,5.457251055387839,0.009212449054628334,15.770887408813973
407,RCL,Royal Caribbean Cruises Ltd,Consumer Discretionary,2.051210262773797,3.175566341188565,13.27946052636481,1.5354615914613925,0.024154684100204663,10.114565315515183
408,SPGI,"S&P Global, Inc.",Financials,153.6234739039666,10.984571428571428,34.66116062176166,4.344151591716196,0.007610180050880576,21.90339475218659
409,CRM,Salesforce.com,Information Technology,4.08542747528405,8.62897899395375,1098.6881746031747,820.5517988702991,,41.33034513805522
410,SBAC,SBA Communications,Real Estate,-7.805863381226161,14.208039461046488,194.7340698410107,462.9566433730496,0.002913168897992221,29.863598227106273
411,SLB,Schlumberger Ltd.,Energy,1.9842340067340067,1.4322508126499984,-4.650823715103088,-3.012811433778193,0.05873319560338867,-8.900043930297262
412,STX,Seagate Technology,Information Technology,6.236086956521739,1.2976342637151106,6.7010039761431415,1.598716684663592,0.05288368111956162,7.650601577909271
413,SEE,Sealed Air,Materials,-28.838843017329257,1.1809774373317192,21.513996197718633,17.19114248217496,0.017514462686859963,12.492912381735911
414,SRE,Sempra Energy,Utilities,2.246910106879422,4.135069860559608,21.790107795620436,6.553634325578032,0.02217573604336353,21.420425813879117
415,NOW,ServiceNow,Information Technology,29.93528247258735,18.40822847518969,101.64467561728297,-709.7541972607955,,127.86332707745584
416,SHW,Sherwin-Williams,Materials,12.666317531879804,2.9175806153468002,33.88504968481152,2.8056625300303093,0.008057131020723718,23.596292559803576
417,SPG,Simon Property Group Inc,Real Estate,17.5585083685986,10.230758151026906,23.75520255585272,3.782352037121329,0.006403338943271195,19.112255176263588
418,SWKS,Skyworks Solutions,Information Technology,3.790459209664508,4.6272832267235255,18.30530693533271,3.4581563080141824,,11.24328346932608
419,SLG,SL Green Realty,Real Estate,1.4141504537559046,6.799489160757118,33.752208588460825,28.88418481735694,0.037532178783778146,16.232101146747727
420,SNA,Snap-on,Industrials,2.6328913789563226,2.406378016085791,12.942739726027398,1.0488968361584199,0.02413158061853051,12.291159742828881
421,SO,Southern Company,Utilities,1.9593010556971242,2.061706746116195,21.760916442048522,20.724682325760497,0.050062138984884326,11.754237726098191
422,LUV,Southwest Airlines,Industrials,3.0549776240846214,1.3392429106474049,13.059365217391305,2.850279305053356,0.012384915173318897,7.220675287356322
423,SWK,Stanley Black & Decker,Industrials,2.4222474847502617,1.3575077054010756,31.36354220092531,29.584540329566,0.0202779424285707,14.637118541151995
424,SBUX,Starbucks Corp.,Consumer Discretionary,-16.485279034690798,3.8757066008766965,28.545108913091795,7.71513334764573,0.017143348371098665,20.122296280214215
425,STT,State Street Corp.,Financials,1.1750969141664278,2.4420545006805034,12.804992288135594,1.8225115437847348,0.03239425667928061,9.364236283032847
426,STE,STERIS plc,Health Care,3.262983060661273,3.726997343799983,34.1032925397384,9.914766076460321,0.01084979061234026,18.25201714502672
427,SYK,Stryker Corp.,Health Care,6.244430389630671,5.373046224133298,38.392904464714356,4.041358364706774,0.009728353849989782,24.842572328845602
428,SIVB,SVB Financial,Financials,2.6556589928206606,26.554768125459294,13.951887825515485,1.5097436157818882,-0,7.323457310128789
429,SYF,Synchrony Financial,Financials,1.471170731707317,1.3213300791713791,5.9239455564451555,1.4230209003331697,0.02617467999313782,5.693952036543586
430,SNPS,Synopsys Inc.,Information Technology,4.991679742386322,6.064548953281673,38.283915569522534,13.265776208702253,,25.221470374953643
431,SYY,Sysco Corp.,Consumer Staples,14.447555661425325,0.6014662650184429,21.595366664625978,7.8017241269268025,0.021446491855215088,14.059663010697916
432,TMUS,T-Mobile US,Communication Services,,,,,,
433,TROW,T. Rowe Price Group,Financials,4.526629870038439,5.722525854856797,15.084022896823535,1.932396729203951,0.022828381398393424,11.780114050740941
434,TTWO,Take-Two Interactive,Communication Services,4.898462358741141,3.7459626726787723,29.941870793231423,19.52770463770441,-0,19.454437402359876
435,TPR,"Tapestry, Inc.",Consumer Discretionary,2.5213565207491317,1.4697838097924374,13.768315200497359,10.02402621138097,0.0441043630921324,8.770243001016354
436,TGT,Target Corp.,Consumer Discretionary,5.443181188202484,0.8350727732399843,19.630954891801277,3.41486375697013,0.02064923588589406,10.407899063618839
437,TEL,TE Connectivity Ltd.,Information Technology,3.0090633869441814,2.365095181439619,17.24826464208243,2.2728707403601796,0.019116010287431855,13.059895052473763
438,FTI,TechnipFMC,Energy,0.9627616100688052,0.5499310169959207,-3.053196422656509,0.7118193158566383,0.03157003992362437,-4.094994465625384
439,TFX,Teleflex,Health Care,5.900373239531168,6.773274787871595,38.09403076282977,8.764575159822787,0.003574016872308594,29.71732318953487
440,TXN,Texas Instruments,Information Technology,13.07478612327383,8.096858791629007,23.21250149491728,3.8937099281796725,0.025829249426741793,17.691291894286135
441,TXT,Textron Inc.,Industrials,1.940480491119971,0.7855885069699192,13.13812435582822,2.486943727797385,0.0016810534725038278,10.055649005891016
442,TMO,Thermo Fisher Scientific,Health Care,4.31150800336984,6.562576938859253,34.616883116883116,4.7129861289153325,0.002321328081035453,20.86444379732091
443,TIF,Tiffany & Co.,Consumer Discretionary,4.878038761322941,3.663931962025316,29.95608020698577,6.186359674396277,0.01704583837546929,16.548861231482416
444,TJX,TJX Companies Inc.,Consumer Discretionary,12.631637367666116,1.8010810555616243,22.961865932113415,9.066505968740401,0.014261697351336809,14.329562261092567
445,TSCO,Tractor Supply Company,Consumer Discretionary,7.180764196556364,1.3473699351682862,20.01077742845254,4.500420486959572,0.014458096979650942,12.577218786666922
446,TT,Trane Technologies plc,Industrials,0.006068792627760739,0.003052135572209388,0.033266543835406115,0.0063394452927968145,9.925460965084346,1.2671817100961063
447,TDG,TransDigm Group,Industrials,-9.75586016121427,5.407082274994865,31.74111102869281,1.760771324767183,0.0606260717323828,20.061761381922008
448,TRV,The Travelers Companies Inc.,Financials,1.3449485410322628,1.1048415186346219,13.307398932112891,1.371353040962882,0.02418892582827009,4.045871559633028
449,TFC,Truist Financial,Financials,1353.8732748387097,5.739104542595379,13.860657701453105,3.6432487620211234,0.031188891335965967,17.737593357711336
450,TWTR,"Twitter, Inc.",Communication Services,2.941461624059411,7.4013247598016845,17.469013856565542,11.167817063640642,,25.98415118173547
451,TSN,Tyson Foods,Consumer Staples,1.9083908535719358,0.6337450772314586,13.29078140454995,1.287764203549317,0.019982168612292347,9.76355668789809
452,UDR,"UDR, Inc.",Real Estate,4.0920138738774146,11.92786317917224,74.30162711864406,104.3510099687447,0.02787407497365428,18.8415244039617
453,ULTA,Ulta Beauty,Consumer Discretionary,7.93633837234122,2.0404870028228994,21.38362280347619,1.8780834260150765,,13.906393369059566
454,USB,U.S. Bancorp,Financials,1.654084623840472,6.571349218510573,12.405156204801852,2.763888382157797,0.028483401685335943,13.990133025505717
455,UAA,Under Armour Class A,Consumer Discretionary,4.375222509600774,1.7860021431017867,102.09693007304182,-994.3855551263279,,21.754034228443096
456,UA,Under Armour Class C,Consumer Discretionary,2.4687511149696735,0.9587858953609394,-107.53644615783337,492.4505208729244,,32.80521977007102
457,UNP,Union Pacific Corp,Industrials,7.104465191968226,5.932824074074074,21.758699949315762,2.565746800929205,0.020172413572214155,14.220867688022285
458,UAL,United Airlines Holdings,Industrials,1.7450091058884745,0.4651448253542615,6.687171817879695,0.8128887113514632,0.0817525358195381,4.84317802397936
459,UNH,United Health Group Inc.,Health Care,4.4214041299887485,1.1034749643823172,19.308619119878607,1.5319953932091235,0.014714909114479074,13.251728632001786
460,UPS,United Parcel Service,Industrials,28.56198347107438,1.2593732286015062,21.016216216216215,3.7900252161992922,0.03422925240054869,10.871234494979326
461,URI,"United Rentals, Inc.",Industrials,2.858991848563969,1.170991207357502,9.327034735945485,0.6581771838620071,,5.309379020214031
462,UHS,"Universal Health Services, Inc.",Health Care,2.2727089435975514,1.099397426267059,15.351496906194239,1.7476219446939716,0.004237111770886759,9.630245361308093
463,UNM,Unum Group,Financials,0.5779383436026091,0.4799736304161215,5.234168494047078,2.097356516375908,0.039797500911207366,6.032472586784613
464,VFC,V.F. Corp.,Consumer Discretionary,7.555312582295843,2.345110069855134,25.779360418227775,16.56747212954958,0.023618859231696893,17.226827606615593
465,VLO,Valero Energy,Energy,1.670525615740953,0.3362363834422658,15.038179190751444,1.9893555431711551,0.04096372376722392,7.143567558693154
466,VAR,Varian Medical Systems,Health Care,6.190861279194706,3.3944063749961244,37.50359712230215,22.767360494526326,,22.59161101836394
467,VTR,Ventas Inc,Real Estate,2.0299565972920264,5.475361792008263,48.96980106970643,43.76865751351867,0.054597310835420736,22.64555069647991
468,VRSN,Verisign Inc.,Information Technology,-16.967695738541035,20.528021444212328,41.29283800888128,8.401425796790235,,28.568261184409284
469,VRSK,Verisk Analytics,Industrials,11.914332091728593,10.33175635494611,59.870909075305626,16.35379211472905,0.006069961148633083,28.959891799921312
470,VZ,Verizon Communications,Communication Services,3.909153815548659,1.8627087693754358,12.75015208928108,3.3977414570740025,0.040776499187726925,7.37379260518487
471,VRTX,Vertex Pharmaceuticals Inc,Health Care,9.71645930385043,14.20359551371534,50.243476585005226,6.151429187100945,,43.45441203458471
472,VIAC,ViacomCBS,Communication Services,1.592098886953888,0.7560351646771177,6.356363361547762,1.9944711568121805,0.028297153401484296,2.264843659525188
473,V,Visa Inc.,Information Technology,9.002811094452774,13.589828959394177,25.84879966887417,4.371285217277818,0.007266531840315641,14.711154374713697
474,VNO,Vornado Realty Trust,Real Estate,3.0770005784695127,6.349952105632892,30.53538443929824,25.540904301627293,0.03488826806670662,13.254536005819581
475,VMC,Vulcan Materials,Materials,3.350885125680002,3.8218306657418197,30.499200209823496,7.822809371292734,0.008704283111595023,17.052737341999627
476,WRB,W. R. Berkley Corporation,Financials,0.002341430384733081,0.0018000118903656655,0.02085808623581995,6.2085089841233495E-6,21.66690008828402,-1.044684508380877
477,WAB,Wabtec Corporation,Industrials,1.3185858484407171,1.9005052186626905,40.18518518518519,23.230084606142437,0.006223102410785696,14.784686491671753
478,WMT,Walmart,Consumer Staples,4.10997870602258,0.5857043613683384,20.62280760701566,8.811844329834276,0.019707515445374208,10.97968626208208
479,WBA,Walgreens Boots Alliance,Consumer Staples,2.167751148349779,0.3723946414741426,12.799639628327474,2.3477046014139664,0.03223580837175519,8.675833570210347
480,DIS,The Walt Disney Company,Communication Services,2.4320991932670992,3.107053040103493,19.55470237018274,2.570454605891619,0.013393000887130174,14.235841802916482
481,WM,Waste Management Inc.,Industrials,7.374631578947369,3.3726234875444843,31.21191377245509,6.884456409238665,0.01680611134670363,14.500209345794392
482,WAT,Waters Corporation,Health Care,-71.54458260318752,6.4297181039110844,26.12932476975606,2.9758600561883295,,20.668657282983904
483,WEC,WEC Energy Group,Utilities,3.0944545862344706,4.217994443779825,27.982710758377422,8.331678441605058,0.023461828943634067,17.73979493021931
484,WFC,Wells Fargo,Financials,1.1246482478920201,245.02144470314317,10.766454601258376,2.112182901298985,0.03895028626916271,16.67315003357529
485,WELL,Welltower Inc.,Real Estate,1.9558938444133382,6.088564639626559,37.743873392680506,30.418503169734986,0.045428831712538524,17.138976241048372
486,WDC,Western Digital,Information Technology,1.6552623658071635,0.9957148892510109,-21.880636604774537,-9.4654013164358,0.035398230088495575,12.165720185854415
487,WU,Western Union Co,Information Technology,-298.7787341772152,2.230071238260804,11.151620523481053,5.597409245029344,0.028877048846951636,8.686129059327012
488,WRK,WestRock,Materials,0.828075304844086,0.528380775329433,11.198929192258662,1.5076046538657848,0.048419029185529636,6.512961139206814
489,WY,Weyerhaeuser,Real Estate,2.2104503648021225,2.6746567683253075,26.73226470588235,34.658059669092374,0.04976061393895318,13.60677340425532
490,WHR,Whirlpool Corp.,Consumer Discretionary,3.0462356807511735,0.47665032567706545,8.220205236486485,-2.8613501287660608,0.03133758147642751,5.760761353104726
491,WMB,Williams Cos.,Energy,1.929209533038988,3.143522374100719,30.329443517647057,-237.1639208567638,0.07145066220118802,13.144161482806052
492,WLTW,Willis Towers Watson,Financials,2.723924285296126,3.088560681491315,26.740900383141764,5.001895035695582,0.011784722844094205,14.799410698096102
493,WYNN,Wynn Resorts Ltd,Consumer Discretionary,7.754275936651091,2.9550232797921434,109.90000325242917,20.493817317716665,0.04191468072122452,14.07665200566773
494,XEL,Xcel Energy Inc,Utilities,2.213413516609393,2.344833145531767,21.45308485329104,9.549238989574668,0.02698472664471909,11.509434063000533
495,XRX,Xerox,Information Technology,1.4691987864685878,0.9054063114934922,6.066824552845528,3.730324042023737,0.029603771355761675,7.787870303514377
496,XLNX,Xilinx,Information Technology,9.656952798839246,7.068820710122409,28.20200161216872,7.979034863539709,0.01663033173441596,21.59213632190458
497,XYL,Xylem Inc.,Industrials,5.09222604666892,2.868682114688512,37.550405037406485,12.31071903728175,0.011555540121013947,22.03729800807537
498,YUM,Yum! Brands Inc,Consumer Discretionary,-4.0693113772455085,5.828050741468643,25.208346213292117,5.002434462559914,0.015665428147494147,20.850440744368267
499,ZBRA,Zebra Technologies,Information Technology,7.231715309233278,2.9652451401739133,24.446919951617645,3.135201288339326,,16.662227323802977
500,ZBH,Zimmer Biomet Holdings,Health Care,1.9582133383017042,2.782287687982957,-58.20572257383966,-6.53041379632615,0.008843940247222563,28.360336963604208
501,ZION,Zions Bancorp,Financials,1.2361799564528901,-624.518114,11.020907894117647,3.8791391605715293,0.025192757392675617,7.094889004491018
502,ZTS,Zoetis,Health Care,24.370756218611522,10.54249326517572,43.99733856,14.73134418138353,,31.861277830998645
